Complete,Tool,URL,Category,Affiliate Link
TRUE,Pictory,Get Tool,Video Creation,https://pictory.ai?ref=blake32
TRUE,Jasper,Get Tool,AI Writing Assistant,https://jasper.ai?source=partner&fpr=lvn
TRUE,Murf,Get Tool,Speech to Text,https://murf.ai//?lmref=S-O43g
TRUE,Go High Level,Get Tool,CRM and Marketing Automation Platform,https://www.gohighlevel.com/?fp_ref=blake62
TRUE,LiveChat,Get Tool,Chatbot,https://www.livechat.com/try-livechat?a=YMw8pGTVR&utm_campaign=pp_lvn-studios&utm_source=PP
TRUE,ChatBot,Get Tool,Chatbot,https://www.chatbot.com/?a=YMw8pGTVR&utm_source=PP
TRUE,NeuralText,Get Tool,AI Writing Assistant,https://www.neuraltext.com/?via=blake
TRUE,Shine Ranker,Get Tool,Keyword Research and Site Audit Tool,https://lvnstudios--chasereiner.thrivecart.com/seo-pro-automated-pack/
TRUE,Link Whisper,Get Tool,Auto Website Linker,https://linkwhisper.com/ref/1896/
TRUE,KWFinder,Get Tool,Keyword Research Tool,https://kwfinder.com#a63d0d038feebf80be1654351
TRUE,Mangools,Get Tool,SEO Tool,https://mangools.com#a63d0d038feebf80be1654351
TRUE,Originality,Get Tool,AI Writing Assistant,https://originality.ai?lmref=zzWzrA
TRUE,RankRanger,Get Tool,SEO Tool,http://www.rankranger.com/?aff=d0a1c991d2d3de925c540d0928eb518d&a=101
TRUE,SerpStat,Get Tool,SEO Platform, https://serpstat.com/?ref=1652561
TRUE,SEObility,Get Tool,SEO Tool,https://www.seobility.net/?px=2&a_aid=63d27d1147b77
TRUE,Zutrix,Get Tool,SEO Tool,https://zutrix.com/?ref=blakeurmos
TRUE,Xrumer,Get Tool,SEO Tool,"http://www.botmasterlabs.net/product124597/"
TRUE,Automatic Backlinks,Get Tool,Backlink Exchange Service,https://www.automaticbacklinks.com/a/lowvoltagenation
TRUE,Crorkwheel,Get Tool,SEO Reseller Packages & Services,http://crork.io/?ref=3e6ad89fe36086fb79126e36c659f5df
TRUE,Twinword Ideas,Get Tool,Keyword Research Tool,https://www.twinword.com/ideas/?afid=twiaf-b012efd5452a
TRUE,Nightwatch,Get Tool,SEO Tool,https://nightwatch.io/?via=blake
TRUE,Morning Score,Get Tool,SEO Tool,https://morningscore.io?fpr=blake18
TRUE,Rank IQ,Get Tool,SEO Tool,https://www.rankiq.com/?fpr=blake54
TRUE,Keyword Research Tool Dominator,Get Tool,Keyword Research Tool,https://www.keywordtooldominator.com/?ktd=2114
TRUE,Clicky.com,Get Tool,Web Analytics,https://clicky.com/101395808
TRUE,Netpeak Software,Get Tool,SEO Tool,https://netpeaksoftware.com/old-billing?promo_code=d9171233
TRUE,Netpeak Spider,Get Tool,SEO Tool - SEO Audit,https://netpeaksoftware.com/spider?invite=d9171233
TRUE,Netpeak Checker,Get Tool,SEO Tool,https://netpeaksoftware.com/checker?invite=d9171233
TRUE,Owlymate,Get Tool,SEO Tool - SEO Audit,https://netpeaksoftware.com/owlymate?invite=d9171233
TRUE,GetGenie AI,Get Tool,SEO Tool,https://getgenie.ai?rui=203
TRUE,Alli AI,Get Tool,SEO Tool,https://www.alliai.com?lmref=IhqF3g
TRUE,Word AI,Get Tool,AI writing assistant,https://wordai.com/?ref=2e39a5
TRUE,Outranking IO,Get Tool,AI writing assistant,https://www.outranking.io/?via=blake
TRUE,Rytr,Get Tool,AI writing assistant,https://rytr.me/?via=blake
TRUE,AI Writer,Get Tool,AI writing assistant,https://ai-writer.com?via=blake21
TRUE,Writesonic,Get Tool ,AI writing assistant,https://writesonic.com?via=blake85
TRUE,ParagraphAI,Get Tool,AI writing assistant,https://paragraphai.com?ref=blakeurmos1
TRUE,Speak AI,Get Tool,AI writing assistant,https://speakai.co/?via=blake
TRUE,Short Pixel,Get Tool,Image Compression Plugin,https://shortpixel.com/otp/af/Z6UGGHX3197132
TRUE,CopyGenius,Get Tool,AI writing assistant,https://copygenius.io?ref=lvnstudios
TRUE,GrowthBar,Get tool,AI writing assistant,https://growthbarseo.com/?afmc=ej
TRUE,Copymatic,Get Tool,AI writing assistant,https://copymatic.ai/?via=blake
TRUE,Shakespeare AI,Get Tool,AI writing assistant,https://shakespeare.ai/lp/start-for-free/?fpr=blake60
TRUE,Specterr,Get Tool,Video Creation,https://specterr.com/?via=blake
TRUE,Textcortex AI,Get Tool,AI writing assistant,https://textcortex.com/?via=blake
TRUE,Warmbox AI,Get Tool,AI writing assistant,https://warmbox.ai?fpr=blake59
TRUE,Contentforge AI,Get Tool,AI writing assistant,https://contentforge.ai?fpr=f1qni
TRUE,WordHero,Get Tool,AI writing assistant,"https://wordhero.co/?via=blake"
TRUE,CopySmith AI,Get Tool,AI writing assistant,https://app.copysmith.ai/signup/#a_aid=lvnstudios
TRUE,Bertha AI,Get Tool,AI writing assistant,https://bertha.ai/?ref=9375
TRUE,Bannerbear,Get Tool,Video Creation,https://www.bannerbear.com/?via=blake
TRUE,AI Art Shop,Get Tool,AI Art,https://aiartshop.com/?ref=u81SRpdoZOGkPx
TRUE,GoCharlie AI,Get Tool,AI writing assistant,https://gocharlie.ai?fpr=blake87
TRUE,Synthesia,Get Tool,Video Creation,https://www.synthesia.io/?via=blake
TRUE,SubPals   ,Get Tool,YouTube subscribers growth platform,https://www.subpals.com?ref=13249
TRUE,Stormviews,Get Tool,Youtube Bot ,https://www.stormviews.net?ref=63dcfaf7b74b9
TRUE,Sonuker,Get Tool,Youtube Bot ,https://www.sonuker.com/?ref=7264
TRUE,DotYeti,Get Tool,Graphic Design Tool ,https://www.dotyeti.com/pricing?via=blake
TRUE,CopyShark,Get Tool,AI writing assistant,https://www.copyshark.ai/?via=blake-urmos
TRUE,Snazzy AI,Get Tool,AI writing assistant,https://unbounce.com/smart-copy-referral/?utm_medium=affiliate&utm_source=sc-partner&via=blake28
TRUE,ConvertKit,Get Tool,Email Marketing,https://convertkit.com/?lmref=JbbujQ&lmref=zzWzrA
TRUE,Make,Get Tool,Powerful Automation Tool,https://www.make.com/en/register?pc=lvnstudios
TRUE,InstaChamp - Mobile Monkey,Get Tool,Direct Messaging Automation,https://app.mobilemonkey.com/instachamp?a_aid=lvnstudios
TRUE,Postaga,Get Tool,Outreach CRM,https://partners.postaga.com/24669/132065
TRUE,ActiveCampaign,Get Tool,Automation Platform ,https://ActiveCampaign.referralrock.com/l/193UGW7PBZE/
TRUE,Nitreo,Get Tool,Social Media Bot,https://nitreo.com/?ref=blakeurmos3
TRUE,FlockSocial,Get Tool,Social Media Bot,https://flocksocial.com/?ref=blakeurmos4
TRUE,KENJI,Get Tool,Social Media Bot,https://kenji.ai/?ref=blakeurmos5
TRUE,Zopto,Get Tool,Automation Platform ,https://zopto.com/?fpr=blake86
TRUE,Media Mister,Get Tool,Social Media Bot,https://www.mediamister.com/#63e07e77cc3e8
TRUE,GetAFollower,Get Tool,Social Media Bot,https://www.getafollower.com/#63e07d394ce59
TRUE,Phantom Buster,Get Tool,Social Media Robot,https://phantombuster.com?deal=blake78
TRUE,Podcastle,Get Tool,AI Editing Tool,https://podcastle.ai/?ref=blakeurmos2
TRUE,Web 2.0 Ranker,Get Tool,White Label Services,https://web20ranker.com/ref/lvnstudios/
TRUE,Kicksta,Get Tool,Social Media Bot,https://kicksta.co?ref=blakeurmos6
TRUE,Dux-Soup,Get Tool,Automation Platform ,https://www.dux-soup.com/linkedin-automation?fpr=blake58
TRUE,Klenty ,Get Tool,Automation Platform ,https://www.klenty.com#_r_blake53
TRUE,Mailrush,Get Tool,Automation Platform ,"https://mailrush.io/portal/aff.php?aff=169"
TRUE,LambdaTest,Get Tool,Automation Platform ,http://www.lambdatest.com?fp_ref=blake97
TRUE,Stripo Email,Get Tool,Email Marketing,https://stripo.email/?fpr=blake57
TRUE,Sender ,Get Tool,Email Marketing,https://www.sender.net?ref=blakeurmos8
TRUE,Saleshandy,Get Tool,Automation Platform ,https://www.saleshandy.com/?p=v3&via=46b53f
TRUE,Wiza,Get Tool,Automation Platform ,https://wiza.co/?via=blake
TRUE,ConvertKit,Get Tool,Email Marketing,https://convertkit.com/?lmref=zzWzrA
TRUE,Systeme.io,Get Tool,All-In-One Marketing Platform,https://systeme.io/?sa=sa007339767252fbcfa55b97ce3e49fb9d9b65eadf
TRUE,Salesflow,Get Tool,Automation Platform,https://salesflow.io/referral?fp_ref=blake46
TRUE,Web Node,Get Tool,Website Builder,https://www.webnode.com/r/63e39220e5bcb
TRUE,Hello Bar,Get Tool,Popup Builder,https://try.hellobar.com/604mb568w393
TRUE,Crowdo,Get Tool,Keyword Research and Site Audit Tool,https://clients.crowdo.net/r/NYG3JN
TRUE,Convertri,Get Tool,Landing Pages,https://app.convertri.com/a/914ce140-a7b0-11ed-922e-06cea9523c95
TRUE,LightningBase,Get Tool,Website Hosting,"https://secure.lightningbase.com/aff.php?aff=596"
TRUE,INK For All,Get Tool,AI Content Generation,https://inkforall.com/?fpr=blake42
TRUE,Be Elementor,Get Tool,Landing Pages,https://be.elementor.com/visit/?bta=208187&brand=elementor
TRUE,HostMetro,Get Tool,Website Hosting,https://secure.hostmetro.com/affiliates/idevaffiliate.php?id=1897
TRUE,PureLander,Get Tool,Landing Pages,https://purelanderas.com/a/click.php?refid=dR4L0or2jY
TRUE,Money Robot,Get Tool ,Link Builder,https://www.moneyrobot.com/lvnstudios
TRUE,MailerLite,Get Tool,Landing Pages,https://www.mailerlite.com/a/kane8wlbruwu
TRUE,Ucraft,Get Tool,Website Builder,https://frstre.com/go/?a=35975-862da9&s=3552499-f642f1
FALSE,,,,
FALSE,,,,